method,annotator,topic,Non-Redundancy,Referential Clarity,Grammaticality,Focus,Structure,Coherence,Readability,Information Content,Spelling,Length,Overall Quality
H1,1264fb,1012,5,3,5,5,5,4,4,4,5,5,4
H1,1264fb,1014,5,5,5,3,3,3,4,4,5,4,3
H1,1264fb,1021,5,4,5,4,3,3,4,4,5,4,4
H1,1264fb,1029,5,5,4,4,4,3,4,5,5,5,4
H1,1264fb,1033,5,5,5,4,4,4,4,4,5,4,4
H1,1264fb,1038,4,4,4,3,2,2,3,3,4,4,2
H1,1264fb,1048,5,3,3,4,4,3,3,3,4,4,3
H1,1264fb,1049,4,4,4,2,2,2,3,2,4,3,2
H1,5b9517,1002,3,3,5,4,3,4,3,4,3,4,3
H1,5b9517,1003,4,1,5,2,3,2,2,2,4,4,3
H1,5b9517,1008,4,4,3,2,3,3,3,3,2,2,2
H1,5b9517,1010,4,3,4,2,3,3,3,2,3,2,3
H1,5b9517,1015,4,1,4,2,3,3,2,3,5,2,2
H1,5b9517,1022,2,3,2,2,3,3,2,3,3,2,2
H1,5b9517,1023,4,4,4,4,3,3,3,4,5,4,4
H1,5b9517,1028,4,2,4,4,3,3,2,2,4,4,3
H1,5b9517,1041,2,4,3,2,2,3,3,3,4,2,3
H1,5b9517,1042,3,5,4,4,3,3,4,2,3,4,3
H1,5b9517,1047,4,4,4,4,3,3,4,4,4,4,4
H1,68b215,1015,5,3,3,4,3,2,3,3,5,4,3
H1,68b215,1018,5,3,5,4,4,4,4,4,5,5,4
H1,68b215,1025,5,2,5,3,3,3,3,4,5,5,3
H1,68b215,1029,4,3,5,4,4,3,4,4,5,5,4
H1,68b215,1040,3,4,4,4,4,4,4,3,5,5,4
H1,68b215,1044,5,4,4,3,3,3,3,4,5,5,3
H1,68b215,1046,5,3,5,3,3,3,4,4,5,5,3
H1,b3595e,1017,4,1,5,4,4,2,2,4,3,4,3
H1,b3595e,1018,3,3,5,3,3,2,3,3,5,4,3
H1,b3595e,1023,5,4,5,3,4,3,5,3,5,4,3
H1,b3595e,1031,5,2,4,3,3,2,3,2,3,5,2
H1,b3595e,1032,2,4,5,4,4,3,4,4,5,1,4
H1,b3595e,1035,3,5,5,4,4,4,4,4,5,1,4
H1,b3595e,1042,5,5,5,3,4,3,4,4,5,4,4
H1,a910df,1010,4,5,3,2,1,2,2,3,5,4,2
H1,a910df,1015,4,1,5,3,3,3,5,2,5,2,2
H1,a910df,1016,5,2,5,1,1,1,4,4,5,2,2
H1,a910df,1022,4,3,5,2,2,2,4,4,5,3,3
H1,a910df,1024,5,4,5,3,3,4,5,4,5,1,3
H1,a910df,1025,5,2,5,3,2,3,4,3,5,2,2
H1,a910df,1026,5,2,5,2,2,2,4,4,5,3,2
H1,a910df,1040,4,3,5,3,3,3,3,3,5,3,3
H1,a910df,1049,5,3,4,4,4,4,5,4,5,3,3
H1,8d9ecc,1001,5,5,5,5,3,5,5,4,3,5,5
H1,8d9ecc,1011,5,3,5,3,4,5,5,5,5,5,4
H1,8d9ecc,1012,5,3,4,5,4,4,4,3,5,5,4
H1,8d9ecc,1017,5,2,5,5,5,4,5,4,5,4,4
H1,8d9ecc,1026,5,3,5,4,4,5,5,4,4,5,4
H1,8d9ecc,1034,5,3,5,3,4,4,5,3,5,5,3
H1,8d9ecc,1035,5,5,5,4,4,5,5,5,5,4,4
H1,8d9ecc,1039,5,4,5,4,4,5,5,3,4,5,4
H1,8d9ecc,1045,5,4,5,4,4,3,5,4,4,5,4
H1,7f50e8,1002,4,4,4,3,3,4,3,3,3,4,3
H1,7f50e8,1003,5,3,5,3,3,4,4,4,5,3,3
H1,7f50e8,1016,4,4,4,3,3,4,4,3,4,4,4
H1,7f50e8,1020,4,3,4,3,3,4,3,4,4,3,3
H1,7f50e8,1027,4,4,4,4,4,4,4,3,3,3,3
H1,7f50e8,1028,4,4,4,3,3,4,4,3,4,3,4
H1,7f50e8,1037,4,4,3,4,4,4,4,4,4,4,4
H1,7f50e8,1039,4,4,3,4,4,4,4,4,3,5,4
H1,e3d07a,1003,4,2,5,4,3,3,4,4,5,4,4
H1,e3d07a,1004,5,3,5,5,5,5,5,5,5,5,5
H1,e3d07a,1007,4,3,4,4,3,4,4,5,5,4,4
H1,e3d07a,1016,4,4,5,2,2,2,4,4,5,4,2
H1,e3d07a,1024,4,2,4,3,2,2,4,3,4,3,2
H1,e3d07a,1041,3,3,3,3,3,3,3,3,3,3,3
H1,e3d07a,1042,5,4,5,4,4,4,4,4,5,4,4
H1,e3d07a,1046,4,2,5,4,3,3,5,3,5,3,3
H1,145b7e,1001,4,3,5,3,3,2,5,4,4,5,4
H1,145b7e,1002,4,2,4,3,2,2,3,3,3,3,3
H1,145b7e,1004,4,3,4,4,3,3,4,4,4,5,4
H1,145b7e,1005,4,1,4,2,2,2,2,3,2,4,2
H1,145b7e,1008,4,1,4,2,3,2,3,3,4,4,3
H1,145b7e,1011,3,3,5,4,4,4,4,4,4,4,4
H1,145b7e,1013,4,3,5,4,3,4,5,4,4,4,4
H1,145b7e,1018,4,5,5,4,4,3,5,4,4,4,4
H1,145b7e,1024,4,2,5,2,3,2,4,3,4,3,3
H1,145b7e,1025,4,3,5,3,4,3,4,3,4,4,3
H1,145b7e,1029,4,3,5,3,4,4,4,4,4,4,4
H1,145b7e,1031,4,2,4,3,3,3,4,4,4,4,3
H1,145b7e,1032,2,3,5,4,3,4,4,3,4,4,3
H1,145b7e,1043,3,4,3,2,2,1,2,4,4,3,2
H1,145b7e,1046,4,3,4,3,3,3,3,3,4,4,3
H1,38863e,1001,5,5,4,2,2,2,4,3,4,2,3
H1,38863e,1014,5,4,5,2,1,1,2,2,4,1,1
H1,38863e,1019,5,1,5,1,1,1,2,2,5,3,1
H1,38863e,1020,4,4,5,3,3,3,4,3,5,3,3
H1,38863e,1034,3,2,5,3,1,1,2,2,5,2,2
H1,38863e,1039,4,2,3,3,2,1,2,3,4,2,2
H1,38863e,1042,4,4,5,3,4,3,3,3,4,4,3
H1,38863e,1045,5,5,5,4,3,2,2,4,5,4,3
H1,1f3ff6,1006,5,3,4,3,5,2,5,5,3,5,4
H1,1f3ff6,1007,5,5,4,4,4,4,5,4,5,5,4
H1,1f3ff6,1012,4,3,5,2,3,4,5,4,5,5,3
H1,1f3ff6,1013,4,2,5,2,3,2,4,5,5,4,2
H1,1f3ff6,1028,5,2,5,4,5,2,5,5,4,5,3
H1,1f3ff6,1030,4,1,4,2,4,2,1,4,5,3,1
H1,1f3ff6,1036,5,1,3,1,3,4,3,4,5,5,1
H1,1f3ff6,1048,5,5,5,4,5,5,5,5,4,5,5
H1,ec42b5,1004,4,3,4,5,5,4,4,5,5,5,5
H1,ec42b5,1014,3,4,5,2,3,3,3,4,5,4,3
H1,ec42b5,1021,4,4,5,4,4,4,5,4,5,4,4
H1,ec42b5,1023,4,3,5,3,3,4,4,3,5,2,3
H1,ec42b5,1027,4,2,3,2,3,3,3,3,3,3,3
H1,ec42b5,1031,4,2,3,3,3,3,4,3,4,3,3
H1,ec42b5,1032,2,1,4,2,3,3,3,3,4,2,2
H1,ec42b5,1043,3,3,4,4,3,3,5,5,5,4,4
H1,ec42b5,1050,4,5,4,4,3,4,4,3,4,4,4
H1,ade10e,1005,4,3,3,2,2,3,3,4,3,3,2
H1,ade10e,1008,4,3,5,4,3,3,4,4,3,4,3
H1,ade10e,1011,5,3,4,4,4,4,4,3,4,4,3
H1,ade10e,1017,5,4,4,4,4,4,5,4,5,3,4
H1,ade10e,1020,5,4,4,4,3,4,4,4,4,4,4
H1,ade10e,1028,4,4,3,4,4,3,3,4,3,4,3
H1,ade10e,1030,4,4,3,3,3,3,4,4,4,4,3
H1,ade10e,1036,5,4,4,4,4,4,4,4,4,4,4
H1,ade10e,1045,4,4,3,3,3,3,4,4,2,4,3
H1,ade10e,1047,4,4,4,5,4,4,4,5,4,4,4
H1,ade10e,1050,5,4,4,4,4,4,4,4,4,4,4
H1,59b696,1020,4,5,4,3,3,3,4,4,5,4,4
H1,59b696,1027,5,3,4,3,2,2,4,3,5,4,3
H1,59b696,1029,4,3,5,3,3,4,3,4,5,3,3
H1,59b696,1035,3,4,5,4,3,3,4,4,5,5,4
H1,59b696,1037,4,5,3,3,2,3,3,4,5,4,3
H1,59b696,1038,5,4,4,2,2,3,4,3,5,3,3
H1,59b696,1039,5,5,5,4,4,5,4,5,4,5,5
H1,59b696,1040,3,5,5,4,3,3,4,4,5,4,4
H1,59b696,1041,3,4,3,2,1,2,4,3,5,3,2
H1,59b696,1043,3,5,5,3,3,3,4,4,5,3,4
H1,59b696,1049,5,5,5,3,3,2,4,4,5,4,4
H1,53f59c,1013,5,4,5,4,3,3,4,4,5,4,4
H1,53f59c,1015,4,5,4,5,2,3,4,3,3,3,3
H1,53f59c,1019,5,1,5,2,3,2,3,4,5,4,2
H1,53f59c,1020,5,3,5,5,5,5,5,5,5,5,5
H1,53f59c,1024,5,3,4,3,4,3,4,3,3,4,4
H1,53f59c,1027,5,4,2,4,4,5,5,4,5,4,4
H1,53f59c,1030,5,2,5,1,1,1,3,2,5,4,2
H1,53f59c,1034,5,1,4,2,1,1,2,3,5,4,2
H1,53f59c,1037,5,3,5,3,2,2,3,4,5,4,3
H1,53f59c,1039,5,3,3,3,3,2,3,3,5,5,3
H1,53f59c,1049,3,1,5,4,3,3,3,5,5,2,3
H1,53f59c,1050,5,3,4,3,3,3,4,4,4,3,3
H1,7addd5,1001,5,4,4,4,4,5,4,4,5,4,4
H1,7addd5,1006,4,3,4,2,3,3,4,3,5,4,3
H1,7addd5,1030,4,3,3,2,3,3,3,2,4,3,2
H1,7addd5,1032,2,2,4,3,3,3,4,3,3,4,3
H1,7addd5,1033,4,2,4,2,3,3,3,2,4,3,2
H1,7addd5,1044,4,3,4,3,4,3,4,3,4,4,3
H1,7addd5,1045,4,3,4,4,4,4,4,3,4,4,3
H1,7addd5,1047,4,3,4,3,3,4,4,3,4,4,3
H1,7addd5,1050,5,4,4,3,3,3,4,2,5,3,3
H1,c6ea2f,1003,3,3,4,3,4,3,3,3,4,5,3
H1,c6ea2f,1011,3,3,4,3,3,3,3,4,2,1,3
H1,c6ea2f,1014,4,3,4,3,3,3,3,3,4,4,3
H1,c6ea2f,1019,4,3,4,3,3,3,3,3,4,5,3
H1,c6ea2f,1021,4,3,4,3,3,3,3,4,4,5,3
H1,c6ea2f,1026,3,2,4,2,3,2,3,3,3,4,2
H1,c6ea2f,1044,4,3,4,4,3,3,3,3,4,5,3
H1,38390e,1002,3,5,5,4,4,4,4,4,5,5,4
H1,38390e,1007,5,4,5,4,5,4,5,5,5,5,4
H1,38390e,1008,4,2,3,2,3,2,3,3,2,4,3
H1,38390e,1031,4,3,4,4,2,3,3,4,5,4,3
H1,38390e,1033,5,5,5,3,2,3,4,3,5,1,3
H1,38390e,1036,4,3,5,2,3,1,2,3,5,4,3
H1,38390e,1038,5,3,4,4,3,2,3,4,5,4,3
H1,38390e,1041,4,2,4,2,4,2,3,4,5,4,3
H1,38390e,1046,4,2,4,2,2,1,4,3,5,4,2
H1,38390e,1048,5,3,3,4,3,2,3,5,5,4,4
H1,38390e,1049,5,4,5,4,2,3,3,4,5,4,3
H1,eaf44e,1006,4,4,3,4,2,2,2,4,4,4,2
H1,eaf44e,1010,4,5,4,4,4,3,4,4,4,4,3
H1,eaf44e,1013,4,4,4,4,3,4,4,4,5,4,4
H1,eaf44e,1015,4,4,2,4,2,4,4,4,4,4,4
H1,eaf44e,1017,4,3,4,4,3,3,4,4,4,4,3
H1,eaf44e,1019,4,3,4,3,2,2,3,4,4,4,2
H1,eaf44e,1022,4,2,4,3,3,3,3,4,4,3,3
H1,eaf44e,1023,4,2,4,3,3,3,4,3,5,3,3
H1,eaf44e,1024,4,2,4,2,2,2,3,3,5,4,2
H1,eaf44e,1026,4,2,4,3,2,2,3,3,5,4,2
H1,eaf44e,1027,4,3,4,3,3,3,3,3,4,3,3
H1,eaf44e,1033,4,2,4,4,4,3,4,2,5,2,3
H1,eaf44e,1034,4,3,4,3,3,3,4,3,5,4,3
H1,eaf44e,1037,4,3,3,4,3,4,3,4,4,4,3
H1,eaf44e,1038,4,2,4,3,3,4,3,3,5,4,3
H1,eaf44e,1043,4,3,4,4,3,4,3,3,2,4,3
H1,eaf44e,1050,4,4,3,3,3,3,3,3,5,4,3
H1,64fdbc,1004,5,4,5,5,5,4,4,4,5,4,4
H1,64fdbc,1005,5,2,5,2,1,1,1,2,5,2,1
H1,64fdbc,1006,5,2,4,2,1,1,2,2,5,2,1
H1,64fdbc,1012,5,4,5,5,4,3,3,4,5,3,3
H1,64fdbc,1013,5,4,5,4,3,4,4,4,5,3,4
H1,64fdbc,1018,5,3,5,4,2,1,2,2,5,3,2
H1,64fdbc,1019,5,2,3,1,1,1,1,1,5,2,1
H1,64fdbc,1022,5,3,4,5,4,5,4,4,5,5,4
H1,64fdbc,1034,5,1,5,3,2,1,2,2,5,3,2
H1,64fdbc,1035,5,5,5,1,1,2,2,5,5,4,2
H1,64fdbc,1048,5,5,4,5,5,5,5,5,5,5,5
H1,dc82e2,1005,4,3,5,4,3,3,3,3,4,5,4
H1,dc82e2,1007,2,3,5,4,2,2,5,3,5,4,3
H1,dc82e2,1010,5,3,4,4,2,2,4,2,4,5,3
H1,dc82e2,1016,4,4,5,5,4,4,4,4,5,1,4
H1,dc82e2,1021,5,4,5,5,4,3,4,4,5,5,4
H1,dc82e2,1025,5,4,5,4,4,3,4,3,5,5,4
H1,dc82e2,1030,4,3,3,4,3,3,4,3,3,5,3
H1,dc82e2,1036,4,2,3,5,4,3,3,3,3,5,3
H1,dc82e2,1037,5,4,2,4,4,3,3,4,2,4,3
H1,dc82e2,1040,3,3,4,5,4,4,5,4,4,5,4
H1,dc82e2,1044,5,3,3,4,4,4,4,4,3,5,4
H1,dc82e2,1047,4,2,4,3,3,3,4,3,4,5,3
H4,68b215,1008,4,5,3,4,3,3,3,4,5,4,3
H4,68b215,1013,5,5,5,4,3,3,4,4,5,4,4
H4,68b215,1016,3,5,5,5,3,3,4,3,5,4,3
H4,68b215,1021,4,4,4,4,3,3,3,4,5,5,3
H4,68b215,1028,4,1,1,1,1,1,1,2,5,4,1
H4,68b215,1036,5,4,3,4,3,3,2,4,5,5,3
H4,68b215,1039,5,4,5,2,2,2,3,4,5,4,2
H4,68b215,1043,4,5,3,3,3,3,3,3,4,4,3
H4,b3595e,1004,2,4,5,4,3,2,3,3,5,4,3
H4,b3595e,1007,5,5,5,5,4,4,5,5,5,3,5
H4,b3595e,1015,4,5,5,4,3,3,5,4,5,4,4
H4,b3595e,1016,4,5,5,5,4,3,5,4,5,2,4
H4,b3595e,1025,1,5,5,4,5,4,5,1,4,3,1
H4,b3595e,1036,5,3,4,4,4,4,4,4,3,5,4
H4,b3595e,1041,4,5,3,5,3,3,3,4,3,4,4
H4,b3595e,1043,4,4,5,3,4,3,4,3,5,2,3
H4,b3595e,1044,2,5,5,5,4,4,5,3,5,3,3
H4,b3595e,1045,4,2,4,2,2,2,2,1,4,1,1
H4,b3595e,1050,3,5,5,3,5,4,5,4,5,4,4
H4,bfede2,1006,4,3,3,3,2,2,3,2,4,2,2
H4,bfede2,1007,4,4,3,4,5,4,4,5,4,3,4
H4,bfede2,1012,4,4,4,3,3,2,3,2,4,3,3
H4,bfede2,1017,3,5,5,5,4,5,4,4,5,3,4
H4,bfede2,1018,2,4,2,4,3,4,4,5,4,2,4
H4,bfede2,1021,5,5,5,5,3,3,4,5,5,3,5
H4,bfede2,1026,4,5,5,2,4,4,5,4,3,3,4
H4,bfede2,1032,5,5,3,1,2,1,4,2,4,3,2
H4,bfede2,1038,4,5,5,2,2,2,5,1,5,3,2
H4,bfede2,1040,4,4,4,4,4,4,5,4,4,3,4
H4,bfede2,1050,4,3,4,4,3,4,5,4,5,2,4
H4,a910df,1012,5,5,5,3,3,4,5,4,5,4,4
H4,a910df,1027,4,4,5,3,1,2,3,4,5,2,2
H4,a910df,1029,2,5,5,5,4,4,5,5,5,3,4
H4,a910df,1034,4,4,5,4,4,3,5,4,5,5,3
H4,a910df,1037,5,2,5,2,2,2,3,3,5,3,2
H4,a910df,1039,5,3,4,1,2,2,3,1,5,5,2
H4,a910df,1042,5,5,5,5,5,5,5,3,5,1,2
H4,8d9ecc,1002,5,5,2,4,4,3,4,3,5,2,3
H4,8d9ecc,1014,5,5,5,4,5,5,5,5,4,4,5
H4,8d9ecc,1015,5,5,5,5,5,4,5,4,5,5,5
H4,8d9ecc,1020,4,5,5,5,5,5,5,5,5,3,4
H4,8d9ecc,1024,5,5,5,5,5,4,5,5,4,4,5
H4,8d9ecc,1030,5,5,5,5,5,4,5,5,5,4,5
H4,8d9ecc,1033,5,5,4,5,5,5,4,5,4,4,4
H4,8d9ecc,1041,5,5,4,5,5,4,5,4,5,4,4
H4,8d9ecc,1046,5,5,5,4,5,5,5,5,5,4,5
H4,8d9ecc,1048,2,5,5,4,3,4,5,3,5,4,3
H4,7f50e8,1001,4,5,4,4,3,4,3,4,5,4,4
H4,7f50e8,1006,3,4,4,4,4,4,4,3,5,5,4
H4,7f50e8,1011,4,3,4,4,4,4,4,4,4,4,4
H4,7f50e8,1030,4,4,4,4,4,4,4,4,3,4,4
H4,7f50e8,1031,4,4,4,3,3,4,4,3,4,4,3
H4,7f50e8,1032,4,4,4,4,4,4,4,4,3,4,4
H4,7f50e8,1043,5,5,5,4,4,4,4,4,5,4,4
H4,7f50e8,1047,4,4,4,3,3,4,4,3,5,5,4
H4,145b7e,1003,3,4,3,3,3,2,2,2,2,4,2
H4,145b7e,1014,4,4,5,3,4,3,3,4,3,4,3
H4,145b7e,1021,4,3,4,4,3,3,3,4,3,3,3
H4,145b7e,1028,3,3,2,3,2,1,1,2,4,2,2
H4,145b7e,1034,4,3,5,4,4,4,5,4,5,4,4
H4,145b7e,1037,3,3,4,4,4,4,3,3,4,4,3
H4,145b7e,1047,4,5,4,3,4,4,3,4,4,4,4
H4,38863e,1008,4,4,5,2,2,1,2,4,5,4,3
H4,38863e,1013,4,5,4,3,1,3,2,2,5,3,2
H4,38863e,1023,5,5,5,4,2,2,3,3,4,3,3
H4,38863e,1024,4,5,3,4,2,2,2,3,4,3,3
H4,38863e,1025,3,5,3,2,1,1,1,1,5,1,1
H4,38863e,1035,4,5,3,5,2,2,2,4,5,4,3
H4,38863e,1040,5,5,4,2,3,4,3,2,4,4,3
H4,38863e,1043,3,5,5,4,2,3,3,2,5,2,2
H4,38863e,1046,3,5,5,4,3,3,3,3,5,2,3
H4,38863e,1047,5,4,5,4,3,3,3,4,5,4,3
H4,21e098,1001,5,5,4,5,1,1,2,2,4,3,2
H4,21e098,1005,5,5,1,5,1,1,3,1,1,1,1
H4,21e098,1006,5,2,5,1,1,1,2,1,5,5,1
H4,21e098,1013,5,5,5,4,4,3,3,3,5,4,3
H4,21e098,1018,2,5,4,5,2,5,4,3,5,4,3
H4,21e098,1019,5,1,5,3,2,2,2,1,5,2,1
H4,21e098,1026,5,5,3,1,1,1,1,4,5,3,3
H4,21e098,1027,5,5,5,5,3,5,4,5,5,5,5
H4,21e098,1038,5,4,4,3,1,2,3,3,5,3,3
H4,21e098,1050,4,5,5,5,1,3,4,4,5,1,4
H4,ade10e,1010,4,3,3,4,3,4,4,4,3,4,3
H4,ade10e,1015,4,4,3,4,3,3,4,4,5,3,3
H4,ade10e,1022,2,3,5,4,3,3,4,3,4,3,3
H4,ade10e,1031,3,4,4,5,4,4,5,4,4,2,3
H4,ade10e,1035,3,4,4,4,3,3,4,4,4,4,3
H4,ade10e,1040,4,4,3,3,3,4,4,3,4,4,3
H4,ade10e,1042,5,5,5,5,3,5,5,5,4,1,4
H4,59b696,1003,5,5,4,3,3,4,4,4,5,4,4
H4,59b696,1004,4,5,5,5,4,5,5,5,5,4,5
H4,59b696,1005,4,5,5,4,4,4,3,2,5,3,3
H4,59b696,1019,4,4,5,2,2,2,4,3,5,5,3
H4,59b696,1026,3,4,4,4,5,4,4,4,5,5,4
H4,59b696,1033,4,5,4,4,3,4,3,3,5,4,4
H4,59b696,1036,5,5,4,4,4,4,4,4,5,4,4
H4,59b696,1045,4,4,4,3,3,2,3,3,4,4,3
H4,59b696,1047,5,5,5,4,4,4,5,5,5,5,5
H4,ce4066,1007,4,4,3,4,4,4,4,5,4,3,5
H4,ce4066,1018,2,4,2,4,3,4,4,5,4,2,4
H4,ce4066,1019,3,2,4,3,3,3,4,2,4,4,2
H4,ce4066,1020,2,3,4,4,3,3,4,3,4,4,3
H4,ce4066,1039,3,3,4,3,2,2,2,3,4,4,2
H4,ce4066,1040,4,4,4,4,4,4,5,3,4,3,4
H4,ce4066,1046,2,4,2,4,3,4,4,3,4,3,3
H4,ce4066,1049,4,3,4,3,3,3,2,2,4,2,2
H4,7addd5,1007,4,4,5,5,4,4,5,5,5,5,5
H4,7addd5,1011,4,4,5,4,4,4,5,4,4,4,4
H4,7addd5,1012,4,3,5,4,4,4,5,3,4,4,4
H4,7addd5,1014,4,5,5,4,4,4,5,5,5,5,5
H4,7addd5,1016,4,4,5,5,3,3,3,4,5,5,4
H4,7addd5,1021,4,2,4,4,2,3,3,3,4,3,3
H4,7addd5,1022,4,4,4,4,3,4,4,4,4,4,4
H4,7addd5,1027,4,5,5,5,5,5,4,5,5,4,4
H4,7addd5,1037,4,3,5,5,4,4,4,3,4,4,4
H4,7addd5,1048,1,5,5,5,4,4,5,4,5,5,4
H4,7addd5,1049,5,5,5,2,4,4,2,2,5,3,2
H4,c6ea2f,1001,3,3,4,5,4,4,4,4,4,3,5
H4,c6ea2f,1005,4,4,4,4,4,4,4,5,4,1,5
H4,c6ea2f,1006,4,3,4,2,3,3,3,4,4,4,4
H4,c6ea2f,1008,3,2,4,3,3,3,4,4,3,3,4
H4,c6ea2f,1010,3,4,4,3,3,3,3,4,3,4,4
H4,c6ea2f,1017,3,4,4,4,3,4,3,5,4,5,5
H4,c6ea2f,1020,3,3,4,4,3,3,3,4,3,1,3
H4,c6ea2f,1022,3,4,4,4,3,4,4,3,4,3,4
H4,c6ea2f,1025,2,3,4,3,3,3,3,4,4,2,3
H4,c6ea2f,1028,4,2,3,1,1,1,1,1,3,1,1
H4,c6ea2f,1029,2,3,4,4,4,3,4,3,4,4,3
H4,c6ea2f,1033,4,3,3,4,3,4,3,4,3,1,3
H4,c6ea2f,1038,4,3,4,3,4,3,4,3,4,5,3
H4,c6ea2f,1041,4,3,4,3,3,3,3,3,4,4,3
H4,c6ea2f,1046,5,4,3,5,4,4,5,4,4,4,5
H4,38390e,1010,5,4,5,4,3,2,3,2,4,4,3
H4,38390e,1011,5,4,5,3,4,3,3,3,5,4,4
H4,38390e,1012,5,5,5,5,4,5,5,4,5,5,5
H4,38390e,1019,3,5,5,4,2,3,2,2,5,3,3
H4,38390e,1020,5,3,5,4,3,4,2,4,5,3,4
H4,38390e,1022,5,5,5,5,5,5,5,5,5,5,5
H4,38390e,1023,2,5,4,4,3,3,4,4,3,4,4
H4,38390e,1024,5,4,3,4,3,2,2,3,3,5,3
H4,38390e,1026,2,4,4,1,2,2,3,3,4,4,2
H4,38390e,1034,4,3,5,4,3,3,4,3,5,3,4
H4,38390e,1035,4,5,5,4,4,3,4,3,5,3,4
H4,38390e,1042,5,5,5,2,1,4,5,1,5,1,2
H4,38390e,1044,2,4,5,5,3,4,4,4,5,4,4
H4,1438ea,1004,2,3,5,4,4,3,4,4,5,5,3
H4,1438ea,1008,3,4,5,3,2,2,4,3,5,2,2
H4,1438ea,1017,2,5,3,3,2,2,2,4,5,2,3
H4,1438ea,1023,5,4,2,3,2,2,3,3,2,2,2
H4,1438ea,1025,1,5,5,2,2,2,2,4,5,3,1
H4,1438ea,1027,3,4,3,4,2,3,1,5,5,2,3
H4,1438ea,1036,5,5,3,4,3,2,2,4,4,2,3
H4,1438ea,1044,3,5,5,4,3,4,2,3,5,3,3
H4,1438ea,1045,5,5,2,1,2,1,3,2,2,2,1
H4,1438ea,1049,3,3,5,2,2,1,3,3,5,1,2
H4,d92924,1010,4,4,4,4,4,4,4,3,5,4,4
H4,d92924,1014,4,4,3,4,2,3,4,4,2,1,3
H4,d92924,1017,3,5,4,4,4,4,3,3,5,5,4
H4,d92924,1018,1,3,3,1,4,3,4,1,5,3,2
H4,d92924,1024,4,3,4,2,3,4,3,2,4,1,2
H4,d92924,1030,2,4,3,2,4,4,3,3,4,1,3
H4,d92924,1034,4,4,4,4,4,4,5,5,4,5,4
H4,d92924,1044,1,4,4,2,4,3,2,2,4,2,2
H4,d92924,1045,4,1,2,1,2,1,1,2,3,1,2
H4,d92924,1048,2,4,4,3,3,3,4,2,4,1,2
H4,eaf44e,1002,5,4,4,3,2,2,4,4,5,3,3
H4,eaf44e,1004,2,5,5,4,4,3,4,3,5,4,3
H4,eaf44e,1005,4,4,4,4,2,2,3,4,5,4,3
H4,eaf44e,1016,3,4,4,4,3,4,4,4,4,4,4
H4,eaf44e,1028,4,3,3,4,2,2,2,3,3,3,2
H4,eaf44e,1029,4,4,4,4,4,4,4,4,5,4,4
H4,eaf44e,1030,4,4,4,4,4,4,3,4,5,4,3
H4,eaf44e,1031,4,4,4,3,3,3,4,3,4,3,3
H4,eaf44e,1041,4,4,3,4,3,4,3,4,5,4,3
H4,64fdbc,1001,5,5,5,4,2,2,4,4,5,3,3
H4,64fdbc,1002,5,2,4,4,2,1,2,3,5,2,2
H4,64fdbc,1003,5,3,3,3,1,2,2,4,5,3,3
H4,64fdbc,1011,5,4,5,5,2,3,3,4,5,3,3
H4,64fdbc,1015,5,5,5,5,2,3,3,4,5,4,3
H4,64fdbc,1023,5,5,4,5,5,5,4,5,5,5,5
H4,64fdbc,1031,5,5,5,3,5,4,4,4,5,4,4
H4,64fdbc,1032,5,4,5,4,3,3,3,5,5,4,4
H4,64fdbc,1037,5,2,5,4,2,2,2,3,4,3,2
H4,64fdbc,1049,5,4,5,1,4,2,3,3,4,2,1
H4,64fdbc,1050,5,4,5,2,3,3,3,4,5,3,2
H4,dc82e2,1002,5,4,2,5,2,2,2,3,3,4,3
H4,dc82e2,1003,4,4,3,3,3,3,4,3,3,5,3
H4,dc82e2,1013,5,5,5,5,4,5,5,5,5,5,5
H4,dc82e2,1029,2,5,5,5,4,3,5,4,5,3,4
H4,dc82e2,1032,4,4,3,4,3,3,3,4,3,4,3
H4,dc82e2,1033,2,5,3,4,3,3,4,4,3,3,3
H4,dc82e2,1035,5,5,4,4,3,3,3,4,4,3,4
H4,dc82e2,1038,5,4,5,4,4,4,5,3,5,5,4
H4,dc82e2,1039,5,4,5,2,3,3,5,2,5,4,4
H4,dc82e2,1042,4,4,4,1,1,1,2,2,4,1,2
H4,dc82e2,1048,2,5,5,5,4,5,4,4,5,3,4
H2,1264fb,1002,5,3,5,2,2,1,4,2,3,2,2
H2,1264fb,1003,5,5,5,2,3,1,4,3,4,3,3
H2,1264fb,1007,5,5,5,3,2,2,3,4,4,5,3
H2,1264fb,1011,4,5,5,4,3,3,3,3,5,4,3
H2,1264fb,1020,5,5,5,4,5,5,5,4,5,5,5
H2,1264fb,1022,5,5,5,4,2,3,4,4,5,2,3
H2,1264fb,1031,4,4,4,4,3,3,3,3,4,4,3
H2,1264fb,1040,5,5,5,4,4,3,4,4,5,4,4
H2,1264fb,1043,4,3,5,3,4,3,4,4,5,5,4
H2,1264fb,1047,5,5,5,4,4,4,4,4,5,4,4
H2,1264fb,1050,4,4,4,3,3,3,3,3,4,4,3
H2,5b9517,1001,4,4,5,4,3,4,4,5,5,4,4
H2,5b9517,1006,2,3,5,3,3,3,3,3,4,4,3
H2,5b9517,1012,4,4,4,4,3,3,4,3,4,4,3
H2,5b9517,1014,4,4,4,4,3,3,4,5,5,4,4
H2,5b9517,1020,4,4,4,2,3,3,3,2,5,2,2
H2,5b9517,1027,4,5,3,4,3,3,4,4,5,5,4
H2,5b9517,1046,4,4,4,4,3,3,4,4,5,4,4
H2,68b215,1001,4,4,5,3,3,3,4,4,5,5,4
H2,68b215,1005,5,4,4,4,3,3,4,4,5,5,4
H2,68b215,1006,4,5,4,3,3,3,3,4,5,4,3
H2,68b215,1007,4,5,4,4,3,3,4,4,5,4,4
H2,68b215,1012,5,4,5,4,3,3,4,4,5,5,4
H2,68b215,1017,4,3,4,4,3,3,4,3,5,5,3
H2,68b215,1019,4,4,3,3,3,3,3,4,5,5,3
H2,68b215,1023,4,5,3,3,3,3,3,4,4,5,3
H2,68b215,1024,5,4,5,4,3,3,5,4,5,5,4
H2,68b215,1026,4,3,5,3,3,3,3,3,5,5,3
H2,68b215,1027,4,5,4,4,3,3,4,4,5,5,4
H2,68b215,1033,4,4,5,4,4,4,4,4,5,5,4
H2,68b215,1034,5,4,4,3,3,3,4,4,5,5,3
H2,68b215,1037,5,5,4,2,2,2,5,3,5,4,2
H2,68b215,1042,5,3,5,4,3,3,4,3,5,5,3
H2,68b215,1050,4,4,4,4,3,3,3,4,5,5,3
H2,b3595e,1001,4,4,5,4,3,3,5,4,5,5,4
H2,b3595e,1003,5,5,5,5,3,4,4,5,4,5,4
H2,b3595e,1008,4,4,4,4,4,4,4,5,4,4,5
H2,b3595e,1011,5,4,5,4,3,3,4,4,5,5,4
H2,b3595e,1021,4,5,5,5,3,3,5,5,5,5,5
H2,b3595e,1024,4,5,5,3,3,3,5,4,5,4,4
H2,b3595e,1034,5,5,5,4,3,3,4,4,3,5,4
H2,b3595e,1048,5,3,5,3,3,3,3,4,5,5,4
H2,bfede2,1002,4,2,4,3,3,2,3,3,2,3,3
H2,bfede2,1013,4,3,3,4,3,3,4,4,5,5,4
H2,bfede2,1015,4,4,4,4,3,4,3,5,2,3,4
H2,bfede2,1025,3,3,4,2,2,3,4,3,4,3,3
H2,bfede2,1028,4,4,4,4,3,3,4,4,3,3,4
H2,bfede2,1030,5,4,5,2,2,3,5,5,5,3,4
H2,bfede2,1039,4,3,4,3,3,2,4,3,4,1,3
H2,bfede2,1045,4,3,4,2,3,3,4,3,4,2,3
H2,a910df,1008,2,2,4,2,2,2,3,4,5,3,3
H2,a910df,1013,2,3,3,5,3,4,5,4,4,5,3
H2,a910df,1017,2,5,5,4,3,4,4,5,5,4,3
H2,a910df,1018,3,2,5,4,2,4,4,5,5,4,3
H2,a910df,1019,5,4,5,1,2,3,2,4,5,4,2
H2,a910df,1020,4,4,5,3,3,2,4,5,5,1,4
H2,a910df,1031,4,4,5,3,2,2,2,4,5,4,3
H2,a910df,1035,5,5,5,4,3,3,5,5,5,3,4
H2,a910df,1041,4,3,5,3,3,3,4,4,5,2,3
H2,a910df,1044,4,5,5,5,5,5,5,5,5,3,5
H2,a910df,1045,5,5,5,3,3,3,5,3,5,3,3
H2,8d9ecc,1003,5,5,5,4,4,4,5,5,4,5,5
H2,8d9ecc,1004,5,5,5,5,4,4,5,5,4,5,5
H2,8d9ecc,1006,5,5,5,5,4,4,5,4,4,5,5
H2,8d9ecc,1010,5,4,5,3,5,5,5,5,5,5,5
H2,8d9ecc,1016,4,4,5,4,3,3,4,4,5,5,3
H2,8d9ecc,1023,5,5,4,4,3,4,5,4,4,5,4
H2,8d9ecc,1028,5,5,5,4,5,5,5,4,5,5,5
H2,8d9ecc,1036,5,4,4,4,4,5,5,5,4,5,4
H2,8d9ecc,1037,5,4,5,4,4,5,5,5,5,5,5
H2,8d9ecc,1044,5,5,5,5,4,5,5,5,5,4,5
H2,e3d07a,1002,4,2,3,2,2,1,4,3,3,3,2
H2,e3d07a,1011,4,5,5,4,3,4,4,5,5,4,4
H2,e3d07a,1014,3,5,5,4,3,4,5,4,5,4,4
H2,e3d07a,1023,4,5,4,4,3,3,4,4,4,4,4
H2,e3d07a,1035,5,5,5,4,3,3,4,5,4,2,4
H2,e3d07a,1043,5,5,5,4,2,2,4,4,5,3,4
H2,e3d07a,1047,5,5,5,4,4,4,5,4,5,4,5
H2,e3d07a,1049,5,5,5,3,3,3,5,4,5,3,4
H2,38863e,1010,2,1,3,3,1,3,1,2,5,2,1
H2,38863e,1011,4,5,5,3,2,2,3,3,5,4,3
H2,38863e,1018,4,2,5,4,1,2,2,4,4,4,3
H2,38863e,1021,4,5,5,4,1,2,2,3,5,3,3
H2,38863e,1031,4,5,5,4,2,3,3,3,5,3,3
H2,38863e,1032,4,2,5,3,2,3,2,2,5,3,2
H2,38863e,1033,4,5,5,5,3,4,3,4,5,4,4
H2,38863e,1038,4,5,5,2,2,1,1,2,5,4,2
H2,38863e,1044,4,5,4,4,2,2,2,4,5,4,3
H2,21e098,1002,5,1,4,3,1,1,2,1,1,5,1
H2,21e098,1012,5,3,5,3,2,1,4,3,5,5,3
H2,21e098,1017,5,5,5,5,5,5,5,5,3,5,5
H2,21e098,1028,5,4,3,4,3,5,4,4,4,5,4
H2,21e098,1029,3,5,4,1,3,1,3,3,5,5,3
H2,21e098,1032,5,5,5,2,2,1,4,3,5,4,3
H2,21e098,1037,5,5,5,5,1,2,4,3,2,4,3
H2,21e098,1040,5,5,5,5,2,1,3,4,5,5,4
H2,21e098,1049,5,4,5,4,1,3,4,3,5,3,3
H2,1f3ff6,1014,3,5,3,5,5,4,4,5,5,4,4
H2,1f3ff6,1020,4,2,5,2,2,3,4,3,5,4,3
H2,1f3ff6,1023,4,3,3,3,3,3,4,4,4,3,2
H2,1f3ff6,1026,5,5,5,3,5,3,5,5,5,5,4
H2,1f3ff6,1029,3,3,5,2,4,3,5,4,5,5,3
H2,1f3ff6,1038,5,4,5,2,2,1,5,4,5,5,3
H2,1f3ff6,1045,5,3,5,1,3,4,4,2,5,4,3
H2,1f3ff6,1046,5,5,5,5,4,4,5,5,5,5,4
H2,1f3ff6,1047,5,4,5,5,4,4,5,5,5,5,5
H2,1f3ff6,1049,5,5,5,2,4,2,5,5,5,4,4
H2,1f3ff6,1050,5,5,5,4,4,5,5,4,5,4,5
H2,ec42b5,1001,4,3,5,3,3,4,4,4,5,4,4
H2,ec42b5,1008,4,4,4,4,4,5,4,5,5,5,4
H2,ec42b5,1010,4,4,5,5,4,4,5,4,5,4,4
H2,ec42b5,1012,4,4,5,3,3,3,5,5,5,4,4
H2,ec42b5,1024,5,5,5,3,3,3,4,5,5,5,5
H2,ec42b5,1025,5,5,5,4,4,4,4,5,5,4,5
H2,ec42b5,1033,4,3,5,3,3,3,4,4,5,4,4
H2,ec42b5,1034,4,3,4,3,3,3,3,1,3,3,3
H2,ec42b5,1044,5,4,5,4,3,4,4,5,5,4,4
H2,ec42b5,1046,4,5,5,4,4,4,4,4,5,4,4
H2,ec42b5,1048,4,4,4,5,5,4,4,4,5,5,4
H2,ade10e,1004,4,5,5,5,4,3,4,5,5,3,4
H2,ade10e,1016,3,4,5,4,3,3,3,3,2,2,2
H2,ade10e,1019,3,4,4,4,3,4,4,4,3,4,3
H2,ade10e,1026,5,4,4,4,4,4,4,4,4,4,4
H2,ade10e,1038,4,4,3,3,3,4,4,3,4,4,3
H2,ade10e,1039,4,2,4,1,4,3,4,4,4,4,3
H2,ade10e,1041,3,3,3,4,3,3,4,4,4,3,3
H2,ade10e,1043,4,4,3,3,3,3,4,4,4,4,3
H2,ade10e,1046,4,4,4,5,4,4,4,4,4,4,4
H2,ade10e,1048,4,4,4,5,4,4,4,5,4,4,4
H2,53f59c,1005,5,4,5,4,4,3,5,5,5,4,4
H2,53f59c,1007,4,4,5,3,3,3,4,4,5,4,4
H2,53f59c,1010,5,5,5,5,4,4,5,5,5,5,5
H2,53f59c,1018,4,4,5,4,4,3,3,5,5,4,3
H2,53f59c,1028,5,3,4,4,3,3,3,4,5,4,3
H2,53f59c,1038,5,2,5,2,1,1,2,2,5,4,1
H2,53f59c,1042,5,5,5,2,2,2,5,5,5,5,3
H2,ce4066,1004,4,3,4,4,3,3,3,4,5,4,4
H2,ce4066,1005,4,3,4,5,3,3,4,4,5,4,4
H2,ce4066,1010,4,3,3,3,3,2,4,3,4,3,3
H2,ce4066,1013,4,3,3,4,3,3,4,4,5,5,4
H2,ce4066,1015,4,4,4,4,3,4,3,5,2,3,4
H2,ce4066,1022,3,2,2,3,3,3,2,3,3,2,2
H2,ce4066,1025,3,3,4,2,2,3,4,3,4,3,3
H2,ce4066,1026,4,3,4,4,3,3,3,3,3,3,3
H2,ce4066,1030,4,4,3,4,3,3,3,3,4,3,3
H2,ce4066,1035,4,4,4,3,3,2,4,3,4,3,3
H2,ce4066,1036,4,2,2,3,2,2,3,3,4,3,2
H2,ce4066,1042,4,4,4,3,3,3,4,4,4,3,3
H2,ce4066,1048,4,3,3,4,3,3,4,4,4,2,4
H2,c6ea2f,1004,3,3,4,5,4,3,3,3,4,4,4
H2,c6ea2f,1007,3,2,4,2,2,3,3,3,4,4,3
H2,c6ea2f,1013,4,4,4,3,4,3,3,3,4,3,3
H2,c6ea2f,1015,3,3,4,3,3,3,3,4,4,4,4
H2,c6ea2f,1018,3,3,4,4,3,3,3,3,3,4,3
H2,c6ea2f,1024,3,3,4,4,4,4,4,3,4,4,4
H2,c6ea2f,1027,3,4,4,3,4,4,4,3,4,4,4
H2,c6ea2f,1030,4,3,4,3,3,4,4,4,4,5,4
H2,c6ea2f,1034,4,3,4,3,3,3,2,3,4,4,3
H2,c6ea2f,1035,3,3,4,3,3,3,3,4,4,5,3
H2,c6ea2f,1042,4,3,4,2,3,3,3,2,4,5,3
H2,c6ea2f,1049,4,4,4,4,3,3,4,4,4,3,3
H2,38390e,1016,5,4,3,4,4,3,4,4,5,5,4
H2,38390e,1018,4,4,5,3,3,3,2,3,5,4,3
H2,38390e,1021,5,5,5,5,4,4,4,5,5,5,5
H2,38390e,1027,4,3,3,4,3,3,4,4,5,5,3
H2,38390e,1029,2,2,4,3,3,2,3,4,5,5,3
H2,38390e,1037,4,2,4,1,1,1,3,2,5,4,2
H2,38390e,1040,5,4,3,4,4,4,4,3,5,4,4
H2,38390e,1043,5,5,5,5,5,5,4,5,5,5,5
H2,38390e,1050,4,4,5,4,3,3,4,4,5,4,4
H2,1438ea,1003,4,4,5,4,3,2,3,4,3,5,3
H2,1438ea,1005,5,3,5,3,3,4,4,4,4,4,4
H2,1438ea,1016,5,3,5,3,2,1,3,4,5,5,2
H2,1438ea,1019,4,5,5,4,4,2,1,4,5,3,3
H2,1438ea,1022,3,4,3,3,3,1,3,4,5,5,3
H2,1438ea,1031,4,5,2,3,3,2,2,3,4,4,3
H2,1438ea,1032,4,4,5,4,3,2,3,4,5,5,3
H2,1438ea,1033,5,2,5,3,2,2,3,4,5,5,3
H2,d92924,1005,3,1,4,2,2,4,4,4,4,5,4
H2,d92924,1006,4,3,4,1,2,4,4,3,4,5,3
H2,d92924,1015,3,5,5,2,3,2,3,3,2,4,3
H2,d92924,1021,4,3,4,4,3,4,2,3,5,4,3
H2,d92924,1022,3,5,3,3,3,2,2,4,5,5,3
H2,d92924,1028,3,2,3,2,3,3,4,3,4,5,3
H2,d92924,1036,3,3,4,3,2,3,3,3,4,4,3
H2,d92924,1041,4,3,3,5,5,4,3,5,4,5,4
H2,eaf44e,1007,4,5,4,4,4,3,4,4,5,4,4
H2,eaf44e,1025,4,4,4,3,4,4,4,4,5,4,4
H2,eaf44e,1032,4,4,4,4,4,3,4,2,5,2,2
H2,eaf44e,1039,4,4,4,3,3,4,3,4,5,4,3
H2,64fdbc,1008,5,2,5,5,3,2,3,3,4,3,3
H2,64fdbc,1014,5,5,5,4,2,2,3,4,5,4,3
H2,64fdbc,1017,4,4,5,5,2,2,3,5,5,5,3
H2,64fdbc,1029,4,3,5,5,3,4,4,4,5,5,4
H2,64fdbc,1030,5,3,5,3,2,2,4,4,5,4,3
H2,64fdbc,1036,5,5,4,5,2,4,4,5,5,5,4
H2,64fdbc,1038,5,4,5,5,4,5,5,5,5,5,5
H2,64fdbc,1039,5,4,5,3,3,3,5,4,5,4,3
H2,64fdbc,1040,5,5,4,5,2,2,3,5,5,5,3
H2,64fdbc,1041,5,5,4,5,4,3,3,4,5,4,4
H2,64fdbc,1042,5,5,5,3,2,2,2,4,5,4,3
H2,64fdbc,1045,5,5,5,2,2,2,3,5,5,5,2
H2,64fdbc,1047,5,5,5,5,5,5,5,5,5,5,5
LeadFirst,1264fb,1006,5,5,4,4,5,5,4,4,4,5,4
LeadFirst,1264fb,1016,5,5,3,4,5,5,4,3,4,5,4
LeadFirst,1264fb,1027,2,4,3,3,3,3,3,2,4,4,3
LeadFirst,1264fb,1032,4,3,2,1,1,1,1,1,2,3,1
LeadFirst,1264fb,1034,5,5,4,4,4,4,4,3,5,4,4
LeadFirst,5b9517,1025,5,5,5,5,5,5,5,5,5,5,5
LeadFirst,5b9517,1033,1,1,1,1,1,1,1,1,1,1,1
LeadFirst,5b9517,1045,4,2,4,3,3,3,3,2,4,3,2
LeadFirst,68b215,1002,3,3,3,3,2,2,2,2,4,4,2
LeadFirst,68b215,1011,4,3,4,4,4,4,3,3,5,4,3
LeadFirst,68b215,1030,5,5,5,5,5,5,5,5,5,3,5
LeadFirst,68b215,1035,4,4,3,4,4,3,3,4,5,4,4
LeadFirst,68b215,1048,3,5,3,5,4,4,4,3,5,5,3
LeadFirst,b3595e,1005,4,2,5,3,4,3,4,3,5,3,3
LeadFirst,b3595e,1013,5,5,5,3,3,2,4,1,5,1,1
LeadFirst,b3595e,1033,5,2,5,2,4,2,1,1,5,5,1
LeadFirst,bfede2,1011,2,2,4,4,3,4,4,1,4,3,2
LeadFirst,bfede2,1022,2,3,4,4,2,1,5,1,4,2,2
LeadFirst,bfede2,1027,4,4,4,1,3,2,3,1,4,1,2
LeadFirst,a910df,1004,3,5,5,4,5,4,5,5,5,4,5
LeadFirst,a910df,1005,5,1,5,4,3,3,4,2,5,4,2
LeadFirst,a910df,1007,5,5,5,5,5,5,5,5,5,5,5
LeadFirst,a910df,1014,4,5,5,5,5,4,5,5,5,3,4
LeadFirst,a910df,1023,4,3,5,2,2,3,4,4,5,5,3
LeadFirst,a910df,1032,4,3,4,4,4,3,3,2,5,1,1
LeadFirst,a910df,1043,4,5,5,5,4,4,5,5,5,4,5
LeadFirst,8d9ecc,1022,4,5,4,5,5,4,5,4,4,4,4
LeadFirst,8d9ecc,1025,5,5,3,5,5,5,4,5,5,5,5
LeadFirst,8d9ecc,1031,5,3,3,4,3,4,4,4,5,5,3
LeadFirst,8d9ecc,1038,5,4,5,4,5,5,5,3,5,4,4
LeadFirst,8d9ecc,1040,5,5,4,2,5,5,5,4,5,4,4
LeadFirst,8d9ecc,1043,4,5,4,5,5,5,5,4,5,4,4
LeadFirst,7f50e8,1007,5,5,4,5,5,5,5,5,5,3,4
LeadFirst,7f50e8,1012,2,4,3,4,3,3,2,3,3,3,2
LeadFirst,7f50e8,1015,4,4,4,4,3,3,4,2,5,4,3
LeadFirst,7f50e8,1021,4,3,4,3,3,3,3,3,3,3,3
LeadFirst,7f50e8,1023,4,3,4,4,4,4,4,4,3,3,4
LeadFirst,7f50e8,1026,4,4,4,4,4,4,4,4,3,3,4
LeadFirst,7f50e8,1029,4,3,3,3,3,4,3,3,5,4,3
LeadFirst,7f50e8,1035,4,4,4,4,4,4,4,4,3,4,4
LeadFirst,7f50e8,1046,5,5,5,5,4,4,4,5,5,4,4
LeadFirst,e3d07a,1001,3,2,3,4,3,3,3,4,5,4,3
LeadFirst,e3d07a,1040,5,5,5,4,4,4,5,4,5,4,3
LeadFirst,145b7e,1010,3,3,5,4,4,3,4,4,4,4,4
LeadFirst,145b7e,1015,3,2,4,3,2,2,3,2,2,3,2
LeadFirst,145b7e,1033,4,4,1,1,1,1,1,1,4,2,1
LeadFirst,38863e,1004,4,5,4,4,3,4,4,3,5,3,4
LeadFirst,38863e,1006,5,1,4,1,1,2,1,1,5,3,1
LeadFirst,38863e,1016,2,5,3,2,1,1,1,1,5,1,1
LeadFirst,38863e,1017,1,1,2,1,1,1,1,1,5,1,1
LeadFirst,38863e,1027,2,5,5,1,1,1,1,1,5,1,1
LeadFirst,38863e,1037,5,2,5,2,4,4,4,1,5,4,2
LeadFirst,38863e,1048,3,5,4,4,4,3,3,3,5,3,3
LeadFirst,21e098,1004,5,5,5,5,4,5,5,5,5,3,5
LeadFirst,21e098,1014,5,5,4,1,1,1,2,4,5,2,3
LeadFirst,21e098,1020,5,1,1,1,1,1,1,1,2,4,1
LeadFirst,1f3ff6,1043,1,4,2,4,3,3,3,2,3,5,2
LeadFirst,ec42b5,1003,4,4,2,5,4,4,5,4,3,4,4
LeadFirst,ec42b5,1018,3,4,2,1,1,2,1,1,4,1,1
LeadFirst,ec42b5,1030,4,5,5,5,5,4,5,4,5,2,5
LeadFirst,ec42b5,1038,3,4,4,4,3,3,5,1,4,2,3
LeadFirst,ade10e,1001,4,4,4,4,4,4,5,3,5,5,4
LeadFirst,ade10e,1013,4,3,5,2,3,3,3,4,4,4,4
LeadFirst,ade10e,1021,3,4,2,3,2,3,4,5,4,3,3
LeadFirst,ade10e,1029,5,4,4,4,4,4,4,4,4,4,4
LeadFirst,ade10e,1037,2,4,4,4,4,4,4,4,3,2,3
LeadFirst,ade10e,1044,3,4,4,3,3,3,4,3,4,4,3
LeadFirst,59b696,1010,4,5,5,5,4,5,5,4,5,5,5
LeadFirst,59b696,1022,3,3,3,2,2,2,4,2,5,4,2
LeadFirst,59b696,1034,5,5,5,5,5,4,5,5,5,5,5
LeadFirst,59b696,1044,5,4,5,5,4,4,5,5,5,5,5
LeadFirst,59b696,1046,5,5,5,4,4,4,5,4,5,5,5
LeadFirst,53f59c,1002,5,1,4,2,2,2,3,2,2,4,2
LeadFirst,53f59c,1012,1,1,1,1,1,1,1,1,5,1,1
LeadFirst,53f59c,1017,2,1,2,2,1,1,1,1,4,2,1
LeadFirst,53f59c,1048,3,5,2,5,4,4,5,3,5,3,4
LeadFirst,ce4066,1044,3,3,4,1,3,4,4,3,4,1,1
LeadFirst,7addd5,1010,5,3,5,3,4,4,4,3,4,4,3
LeadFirst,7addd5,1013,4,3,4,1,3,3,3,1,4,2,1
LeadFirst,7addd5,1023,4,5,4,3,3,3,3,2,4,2,2
LeadFirst,7addd5,1025,4,5,5,4,5,5,5,4,5,4,4
LeadFirst,7addd5,1026,3,1,4,1,1,2,2,1,4,3,1
LeadFirst,7addd5,1034,4,5,4,1,5,5,5,1,4,2,1
LeadFirst,c6ea2f,1040,5,5,5,5,5,5,5,2,5,3,2
LeadFirst,38390e,1003,5,5,4,4,3,4,3,4,5,2,4
LeadFirst,38390e,1014,5,5,5,5,5,5,5,5,5,4,5
LeadFirst,38390e,1017,3,1,2,2,2,1,2,1,4,4,1
LeadFirst,38390e,1045,4,4,5,1,1,3,4,1,5,4,1
LeadFirst,1438ea,1046,5,2,5,1,2,5,4,3,4,3,1
LeadFirst,d92924,1002,2,2,1,4,4,3,2,2,2,3,2
LeadFirst,d92924,1003,2,4,1,4,4,4,3,2,4,5,2
LeadFirst,d92924,1026,3,4,1,1,2,2,1,1,1,4,1
LeadFirst,eaf44e,1011,4,2,4,4,3,3,4,4,3,4,3
LeadFirst,eaf44e,1012,1,2,3,1,1,1,1,1,4,3,1
LeadFirst,eaf44e,1045,4,2,4,3,3,3,3,3,3,4,2
LeadFirst,64fdbc,1007,5,5,5,5,5,5,5,5,5,3,5
LeadFirst,64fdbc,1016,5,5,5,5,4,4,2,1,4,2,1
LeadFirst,64fdbc,1021,5,1,5,2,1,1,1,2,5,2,1
LeadFirst,dc82e2,1018,5,4,5,2,4,2,2,2,5,1,3
LeadFirst,dc82e2,1020,4,3,4,5,4,3,4,4,4,5,4
LeadFirst,dc82e2,1031,4,4,3,3,1,1,1,2,2,4,2
H5,1264fb,1001,5,3,4,4,2,3,3,3,5,5,3
H5,1264fb,1004,5,5,5,5,4,3,4,5,4,5,4
H5,1264fb,1015,5,5,5,5,4,3,4,4,5,5,4
H5,1264fb,1017,3,1,5,3,3,2,4,3,4,5,2
H5,1264fb,1024,4,4,2,3,2,2,3,3,4,4,3
H5,1264fb,1025,4,4,3,3,2,3,3,3,4,4,3
H5,1264fb,1041,4,3,4,2,2,2,2,3,2,4,2
H5,1264fb,1042,4,4,5,3,3,3,3,3,3,4,3
H5,1264fb,1044,5,4,5,5,4,4,4,5,5,4,4
H5,1264fb,1046,4,4,4,3,3,3,3,3,4,4,3
H5,5b9517,1005,5,1,5,4,3,3,4,2,3,4,2
H5,5b9517,1011,4,3,4,3,3,3,3,3,4,4,2
H5,5b9517,1013,4,3,4,4,3,3,4,2,5,4,4
H5,5b9517,1016,3,5,3,4,3,3,3,4,4,5,4
H5,5b9517,1017,2,3,4,4,3,3,3,2,5,3,3
H5,5b9517,1024,4,4,2,4,3,3,3,3,2,3,3
H5,5b9517,1031,4,3,4,3,3,3,4,3,3,3,3
H5,5b9517,1034,3,5,4,5,3,3,4,5,5,3,4
H5,5b9517,1038,5,5,5,5,3,3,5,5,5,4,5
H5,5b9517,1044,4,4,4,4,3,3,4,4,4,3,4
H5,5b9517,1048,5,5,5,5,3,3,5,5,5,4,5
H5,5b9517,1050,2,4,3,2,2,2,3,3,5,2,3
H5,68b215,1003,5,3,5,3,2,2,4,3,5,3,3
H5,68b215,1004,4,4,5,4,4,4,4,4,5,5,4
H5,68b215,1014,5,3,5,3,2,3,3,4,5,4,3
H5,68b215,1022,5,5,5,5,4,4,5,4,5,4,4
H5,68b215,1032,4,3,3,3,3,3,3,3,5,5,3
H5,68b215,1047,1,5,5,5,1,1,5,3,5,2,2
H5,68b215,1049,5,5,5,4,4,3,4,3,5,4,3
H5,b3595e,1002,5,4,5,3,2,2,3,2,3,3,2
H5,b3595e,1006,4,3,5,4,4,3,4,3,5,2,3
H5,b3595e,1010,3,2,5,3,2,2,3,3,4,1,2
H5,b3595e,1012,5,5,5,3,4,4,3,2,5,2,2
H5,b3595e,1014,5,1,4,2,2,2,3,2,5,2,2
H5,b3595e,1019,3,3,2,3,2,2,1,1,2,5,1
H5,b3595e,1026,3,1,4,2,2,2,2,1,3,4,1
H5,b3595e,1027,4,4,5,1,3,2,2,1,5,3,1
H5,b3595e,1028,5,5,5,3,5,5,3,1,5,2,1
H5,b3595e,1030,2,4,4,4,2,2,3,2,4,4,2
H5,b3595e,1049,5,4,5,3,5,3,5,2,5,2,2
H5,bfede2,1003,4,3,3,3,3,2,3,2,4,3,2
H5,bfede2,1014,4,2,4,2,2,3,4,2,4,2,2
H5,bfede2,1023,5,2,5,2,4,3,4,2,5,3,3
H5,bfede2,1029,4,2,2,3,3,3,2,3,4,2,3
H5,bfede2,1031,5,5,5,1,2,2,5,1,5,2,1
H5,bfede2,1036,3,3,2,2,4,3,2,3,4,3,3
H5,bfede2,1037,4,4,3,2,3,3,3,1,4,2,2
H5,bfede2,1042,4,4,2,4,3,2,3,4,4,2,4
H5,bfede2,1043,4,3,3,4,3,2,3,3,3,3,3
H5,bfede2,1044,2,2,3,2,4,4,3,2,3,4,2
H5,bfede2,1049,4,3,3,3,3,2,3,3,5,3,3
H5,a910df,1001,1,2,4,1,1,2,2,2,5,1,2
H5,a910df,1002,4,5,5,4,4,4,5,3,5,4,4
H5,a910df,1003,3,4,5,2,4,4,5,4,5,3,3
H5,a910df,1006,5,4,5,4,3,4,3,5,5,4,4
H5,a910df,1028,5,1,2,1,1,2,1,1,5,4,1
H5,a910df,1030,4,1,3,3,2,3,3,4,5,4,2
H5,a910df,1038,4,5,5,5,5,5,5,5,5,3,5
H5,a910df,1046,5,3,5,2,1,2,2,2,5,4,2
H5,a910df,1047,1,5,5,3,1,1,5,5,5,2,1
H5,a910df,1050,5,3,5,2,3,1,3,2,5,3,2
H5,8d9ecc,1005,5,3,4,3,5,5,5,4,4,4,3
H5,8d9ecc,1007,4,5,2,3,2,4,3,2,2,4,2
H5,8d9ecc,1008,5,3,5,4,4,4,5,4,5,5,4
H5,8d9ecc,1018,5,3,5,5,5,4,5,5,4,4,4
H5,8d9ecc,1027,5,5,5,3,2,4,5,4,5,5,3
H5,7f50e8,1005,5,3,4,4,4,4,4,2,3,4,3
H5,7f50e8,1010,4,3,4,3,3,3,4,3,5,4,3
H5,7f50e8,1019,3,4,4,4,4,4,4,3,4,4,3
H5,7f50e8,1022,4,4,4,4,4,4,4,4,4,3,4
H5,7f50e8,1024,4,4,3,4,4,4,4,4,3,4,3
H5,7f50e8,1025,3,4,4,4,4,4,4,3,4,4,4
H5,7f50e8,1033,4,4,4,3,3,4,3,3,4,4,3
H5,7f50e8,1034,1,4,4,4,4,4,4,2,4,4,2
H5,7f50e8,1045,5,5,5,3,3,3,3,3,5,5,3
H5,7f50e8,1049,5,5,5,4,5,4,4,4,5,4,4
H5,e3d07a,1008,4,4,5,4,5,5,5,4,5,5,5
H5,e3d07a,1010,4,3,3,3,2,2,4,3,4,3,3
H5,e3d07a,1012,4,5,5,3,3,4,5,4,5,2,3
H5,e3d07a,1013,5,5,5,4,2,2,4,5,5,3,3
H5,e3d07a,1015,4,3,5,4,4,4,4,5,5,4,4
H5,e3d07a,1018,4,5,2,5,3,3,2,4,5,5,3
H5,e3d07a,1019,2,4,2,2,1,1,2,1,4,2,1
H5,e3d07a,1020,2,4,2,2,2,2,2,4,3,3,2
H5,e3d07a,1021,5,5,3,4,4,3,4,3,4,2,3
H5,e3d07a,1025,2,5,3,4,4,4,5,5,5,5,5
H5,e3d07a,1033,4,3,3,2,2,2,4,3,4,2,3
H5,e3d07a,1036,4,2,4,4,3,4,3,3,4,4,3
H5,e3d07a,1039,4,2,2,2,2,1,1,1,2,2,1
H5,e3d07a,1045,5,5,4,4,3,2,3,2,4,4,3
H5,e3d07a,1048,5,5,5,5,4,4,5,5,5,5,5
H5,145b7e,1006,4,3,4,3,3,3,3,3,3,4,3
H5,145b7e,1017,3,1,5,3,3,2,4,2,4,3,2
H5,145b7e,1020,2,4,2,2,3,3,2,2,3,3,2
H5,145b7e,1023,4,2,5,4,3,4,4,4,4,4,4
H5,145b7e,1026,4,2,4,3,3,2,4,3,4,3,3
H5,145b7e,1030,3,4,3,3,3,3,2,2,3,3,3
H5,145b7e,1035,4,4,4,4,4,5,3,4,4,4,4
H5,145b7e,1039,4,3,1,3,3,3,1,3,4,3,2
H5,145b7e,1044,4,2,4,4,3,2,4,3,4,3,3
H5,145b7e,1045,5,4,4,4,3,3,2,2,4,4,3
H5,145b7e,1048,4,5,5,4,4,4,5,4,5,5,5
H5,145b7e,1050,4,3,3,3,2,3,3,3,4,4,3
H5,21e098,1007,3,5,1,3,1,2,2,2,5,1,2
H5,21e098,1016,3,5,2,5,1,3,5,2,2,3,2
H5,21e098,1025,3,5,3,5,3,4,4,4,5,5,4
H5,21e098,1033,5,5,5,1,1,1,1,1,5,5,1
H5,21e098,1034,1,5,5,5,1,5,5,1,5,5,1
H5,21e098,1036,5,2,3,5,1,3,1,1,5,4,1
H5,21e098,1043,5,4,5,5,5,3,4,3,3,5,3
H5,21e098,1047,1,5,4,5,5,5,5,1,5,1,1
H5,1f3ff6,1001,3,5,5,2,2,2,5,3,5,2,3
H5,1f3ff6,1002,3,5,5,2,2,1,5,2,4,1,2
H5,1f3ff6,1010,5,2,4,3,4,3,4,4,4,3,3
H5,1f3ff6,1015,3,1,4,2,4,1,4,3,4,4,2
H5,1f3ff6,1017,5,2,5,3,2,4,5,3,4,2,2
H5,1f3ff6,1021,3,1,2,2,3,2,4,3,3,3,2
H5,1f3ff6,1027,5,2,5,2,4,2,5,2,5,4,3
H5,1f3ff6,1033,5,3,2,3,2,4,3,3,5,1,2
H5,1f3ff6,1035,5,5,5,5,5,5,5,5,4,4,5
H5,1f3ff6,1039,4,2,1,3,2,2,5,4,2,5,2
H5,ec42b5,1005,2,2,2,1,2,2,1,1,3,3,1
H5,ec42b5,1011,3,1,3,2,2,2,2,1,3,2,2
H5,ec42b5,1019,2,4,1,1,2,3,2,2,4,2,2
H5,ec42b5,1020,1,4,2,3,2,3,3,2,5,3,2
H5,ec42b5,1022,5,5,5,4,4,4,5,3,5,2,4
H5,ec42b5,1026,4,1,3,2,2,3,2,2,4,2,2
H5,ec42b5,1029,3,3,2,2,3,3,3,2,4,3,2
H5,ec42b5,1039,3,4,2,2,3,3,3,3,2,4,3
H5,ec42b5,1040,3,4,4,2,3,4,4,2,4,4,3
H5,ec42b5,1041,2,4,1,1,1,3,2,2,2,3,2
H5,ec42b5,1047,2,5,5,4,2,3,3,1,5,1,2
H5,59b696,1001,3,3,5,5,3,4,3,2,5,3,3
H5,59b696,1008,4,5,5,5,5,5,5,4,5,5,5
H5,59b696,1013,5,5,5,1,2,3,4,3,5,3,3
H5,59b696,1021,5,3,4,2,2,2,3,2,5,2,2
H5,59b696,1023,4,3,5,3,4,4,3,3,5,5,4
H5,59b696,1030,4,5,4,3,2,2,2,3,4,3,3
H5,53f59c,1003,5,5,5,2,2,1,4,4,5,5,3
H5,53f59c,1006,5,5,5,4,4,4,5,5,5,5,4
H5,53f59c,1021,5,4,4,4,4,4,4,3,5,2,3
H5,53f59c,1023,4,4,4,5,4,4,5,5,5,4,5
H5,53f59c,1025,1,3,4,5,4,4,4,3,3,3,2
H5,53f59c,1029,5,2,4,3,2,1,3,3,5,4,2
H5,53f59c,1032,4,1,4,1,2,1,3,5,5,4,2
H5,53f59c,1045,5,3,4,3,3,2,1,2,4,1,1
H5,ce4066,1006,4,2,3,3,2,2,2,3,4,2,2
H5,ce4066,1011,4,2,2,3,2,2,2,2,4,1,2
H5,ce4066,1014,4,2,4,2,2,3,4,2,4,2,2
H5,ce4066,1016,1,2,3,2,1,2,1,1,4,2,1
H5,ce4066,1021,4,1,2,3,2,2,2,2,2,2,2
H5,ce4066,1029,4,2,2,3,3,3,2,3,3,2,3
H5,ce4066,1031,3,2,2,2,2,2,3,2,4,3,2
H5,ce4066,1032,3,1,2,1,1,1,1,1,4,2,1
H5,ce4066,1037,3,2,2,2,2,2,2,2,3,2,2
H5,ce4066,1041,3,2,2,2,2,2,3,2,3,3,2
H5,ce4066,1050,4,2,2,2,3,4,3,2,4,2,2
H5,7addd5,1003,5,3,4,1,4,3,3,1,5,4,2
H5,7addd5,1018,4,2,4,3,3,3,3,3,4,4,3
H5,7addd5,1024,3,3,4,2,3,3,2,1,4,3,2
H5,7addd5,1028,3,2,4,3,3,3,2,1,4,3,2
H5,7addd5,1029,4,3,3,3,3,3,3,3,4,3,3
H5,7addd5,1031,4,2,3,1,3,3,2,2,4,3,2
H5,7addd5,1038,4,5,5,3,3,4,4,3,4,4,4
H5,7addd5,1040,5,4,5,5,4,4,4,4,5,4,5
H5,7addd5,1041,3,2,3,2,3,2,3,2,3,3,2
H5,c6ea2f,1002,4,4,4,3,5,3,2,3,4,4,3
H5,c6ea2f,1016,3,3,3,4,3,3,2,4,4,2,3
H5,c6ea2f,1023,4,4,4,3,3,3,4,3,4,4,3
H5,c6ea2f,1032,3,2,4,2,2,2,3,2,4,5,2
H5,c6ea2f,1036,4,3,2,4,3,3,3,4,4,3,3
H5,c6ea2f,1037,4,4,3,3,4,4,4,4,4,3,4
H5,c6ea2f,1043,4,3,3,2,3,3,3,3,4,5,3
H5,c6ea2f,1045,5,5,4,5,3,3,3,3,3,4,4
H5,1438ea,1007,5,4,2,3,1,2,4,3,5,3,2
H5,1438ea,1012,5,5,5,2,2,1,3,3,5,1,2
H5,1438ea,1013,5,5,5,4,2,2,3,4,5,2,2
H5,1438ea,1015,5,5,4,3,3,2,2,3,5,4,3
H5,1438ea,1018,2,2,5,3,2,1,3,4,3,3,3
H5,1438ea,1026,5,2,2,2,2,1,2,1,2,3,1
H5,1438ea,1035,5,5,5,3,3,3,4,5,3,3,4
H5,1438ea,1040,5,5,4,3,2,2,1,4,5,2,2
H5,1438ea,1042,5,5,4,3,3,2,1,3,5,1,2
H5,1438ea,1048,4,4,5,4,2,4,5,5,5,4,4
H5,d92924,1004,5,3,4,4,2,4,3,3,4,4,4
H5,d92924,1007,4,1,2,2,1,2,2,2,5,1,1
H5,d92924,1008,4,1,4,3,3,2,4,2,5,1,2
H5,d92924,1012,4,3,4,1,1,4,2,2,4,1,1
H5,d92924,1020,1,4,1,3,3,2,1,2,2,4,1
H5,d92924,1027,3,2,4,3,4,4,3,3,5,2,3
H5,d92924,1032,3,4,4,2,2,3,2,2,4,5,3
H5,d92924,1035,5,5,4,5,4,3,4,5,4,5,5
H5,d92924,1037,2,3,4,2,3,4,3,3,4,2,3
H5,d92924,1038,3,4,4,3,4,4,3,4,4,5,4
H5,d92924,1040,4,3,3,3,3,2,2,3,4,4,3
H5,d92924,1042,4,3,4,3,3,3,4,3,4,5,3
H5,d92924,1043,3,2,4,3,3,3,3,3,4,5,3
H5,d92924,1046,4,3,3,4,3,2,2,4,4,1,3
H5,dc82e2,1004,5,3,5,4,3,3,3,3,5,5,4
H5,dc82e2,1011,4,4,4,4,2,2,2,3,4,4,3
H5,dc82e2,1022,5,5,5,5,4,4,5,4,5,4,5
H5,dc82e2,1028,5,5,4,3,1,1,1,2,4,1,2
H5,dc82e2,1034,1,4,2,3,2,1,1,1,2,2,2
H5,dc82e2,1046,5,4,2,4,3,3,4,3,2,4,3
MMR,1264fb,1010,5,2,5,2,2,2,3,3,4,4,2
MMR,1264fb,1018,5,3,5,2,2,1,3,3,4,2,3
MMR,1264fb,1019,4,4,2,2,2,2,2,2,4,4,2
MMR,1264fb,1028,4,4,4,3,3,3,3,3,4,4,3
MMR,1264fb,1030,4,4,3,2,2,2,2,3,3,4,2
MMR,1264fb,1036,4,3,4,3,3,2,3,3,4,4,3
MMR,1264fb,1045,4,3,4,4,3,3,3,3,4,4,3
MMR,5b9517,1007,2,3,3,2,3,3,2,1,3,2,2
MMR,5b9517,1026,4,4,3,4,3,3,2,3,4,2,2
MMR,5b9517,1030,4,2,2,1,1,1,2,2,3,3,2
MMR,5b9517,1032,4,3,4,2,3,3,4,2,4,3,2
MMR,5b9517,1037,4,2,4,3,3,3,3,3,4,2,3
MMR,5b9517,1043,3,2,4,4,3,3,4,3,4,2,3
MMR,68b215,1010,5,2,5,2,2,2,2,3,5,5,2
MMR,68b215,1020,5,1,2,2,2,2,2,2,5,5,2
MMR,68b215,1031,4,2,2,2,1,1,1,2,4,5,2
MMR,68b215,1038,5,2,3,2,2,2,3,3,5,4,2
MMR,68b215,1041,5,2,2,1,1,1,1,2,5,5,1
MMR,68b215,1045,5,3,4,2,2,2,2,2,5,2,2
MMR,b3595e,1020,5,1,3,2,2,1,1,1,2,5,1
MMR,b3595e,1022,5,2,5,2,2,1,2,2,3,3,2
MMR,b3595e,1029,5,1,4,3,2,1,2,1,3,5,1
MMR,b3595e,1037,4,2,5,2,3,2,3,1,4,5,1
MMR,b3595e,1038,5,2,5,1,3,2,3,1,5,2,1
MMR,b3595e,1040,5,2,5,2,3,2,3,1,4,4,1
MMR,b3595e,1046,4,2,4,2,2,1,2,1,3,4,2
MMR,bfede2,1008,4,1,1,2,1,1,2,2,4,1,1
MMR,bfede2,1016,3,2,2,3,2,2,1,2,2,3,2
MMR,bfede2,1020,4,1,3,1,1,1,2,1,2,3,1
MMR,bfede2,1024,4,1,4,1,2,1,4,2,2,3,2
MMR,bfede2,1034,5,2,5,1,1,1,5,2,5,3,1
MMR,a910df,1011,4,2,4,1,1,2,5,2,5,4,2
MMR,a910df,1021,4,3,1,2,2,1,1,3,4,5,1
MMR,a910df,1033,5,1,5,2,2,2,4,3,5,5,2
MMR,a910df,1048,5,3,5,2,2,2,5,2,5,4,2
MMR,8d9ecc,1013,5,3,3,3,3,3,3,2,5,5,2
MMR,8d9ecc,1021,5,4,5,4,3,4,4,3,2,3,3
MMR,8d9ecc,1029,5,2,4,3,4,4,5,2,4,5,2
MMR,8d9ecc,1032,5,3,5,4,3,4,5,4,4,5,4
MMR,8d9ecc,1050,5,3,5,3,3,4,5,2,5,5,3
MMR,7f50e8,1018,4,4,3,4,3,3,3,3,4,4,3
MMR,7f50e8,1036,4,3,4,4,4,4,4,4,4,4,4
MMR,7f50e8,1042,4,2,4,3,4,4,3,4,4,4,3
MMR,7f50e8,1048,5,2,5,5,5,5,5,4,5,4,3
MMR,e3d07a,1005,4,1,1,1,1,1,2,1,4,3,1
MMR,e3d07a,1006,4,1,3,1,1,1,2,1,4,3,1
MMR,e3d07a,1017,3,4,2,2,1,1,3,3,4,3,2
MMR,e3d07a,1022,4,3,2,2,2,2,2,2,3,3,2
MMR,e3d07a,1029,4,1,2,2,1,2,2,1,3,1,1
MMR,e3d07a,1034,4,1,3,2,1,1,4,1,5,2,2
MMR,e3d07a,1044,3,1,2,2,1,1,2,3,4,2,2
MMR,e3d07a,1050,4,1,2,1,1,1,2,1,4,3,1
MMR,145b7e,1007,3,4,5,2,3,3,4,3,4,4,3
MMR,145b7e,1027,3,1,4,2,2,2,4,2,4,3,2
MMR,145b7e,1038,3,3,4,2,3,2,4,3,4,3,3
MMR,145b7e,1041,3,3,1,2,3,2,3,3,4,3,2
MMR,145b7e,1049,3,1,4,1,1,1,4,2,4,3,2
MMR,38863e,1002,5,1,5,2,1,1,3,1,4,2,1
MMR,38863e,1041,4,1,2,1,1,1,1,1,5,2,1
MMR,21e098,1011,5,1,4,1,1,1,1,1,5,5,1
MMR,21e098,1024,5,4,3,1,1,1,1,2,4,5,2
MMR,21e098,1035,5,2,3,1,1,2,2,1,3,5,1
MMR,21e098,1039,5,5,4,1,1,1,2,3,5,5,3
MMR,1f3ff6,1003,4,1,5,1,1,1,3,4,5,4,2
MMR,1f3ff6,1004,5,3,3,2,2,2,2,4,1,5,3
MMR,1f3ff6,1005,5,2,4,2,3,3,5,4,4,5,2
MMR,1f3ff6,1008,5,1,3,3,2,2,2,4,4,5,2
MMR,1f3ff6,1016,5,1,5,1,2,3,5,3,3,4,2
MMR,1f3ff6,1025,5,2,3,3,4,3,3,5,5,4,3
MMR,1f3ff6,1037,5,1,5,1,3,2,5,4,2,4,1
MMR,1f3ff6,1044,5,1,3,2,2,2,4,5,4,3,2
MMR,ec42b5,1006,2,1,2,1,1,2,1,1,2,3,1
MMR,ec42b5,1013,2,3,3,3,3,3,3,2,3,3,2
MMR,ec42b5,1035,3,3,3,2,2,3,4,1,4,3,3
MMR,ec42b5,1049,3,1,3,3,2,3,2,1,3,3,1
MMR,ade10e,1012,4,3,4,2,3,2,3,3,3,3,3
MMR,ade10e,1014,4,3,3,3,4,3,3,4,4,3,3
MMR,ade10e,1023,4,5,3,3,3,4,3,4,2,4,3
MMR,59b696,1002,5,2,4,2,3,3,5,4,5,5,4
MMR,59b696,1012,4,2,3,1,2,3,2,2,5,3,2
MMR,59b696,1015,4,3,2,2,2,2,2,2,5,3,2
MMR,59b696,1018,3,3,4,3,2,3,4,3,5,3,3
MMR,59b696,1028,4,4,4,2,2,2,3,3,5,3,3
MMR,53f59c,1011,5,1,5,3,2,2,2,2,5,4,1
MMR,53f59c,1014,4,1,4,1,2,1,2,2,5,2,1
MMR,53f59c,1016,5,1,5,3,3,2,4,3,5,4,2
MMR,53f59c,1022,4,2,4,3,3,3,3,3,4,4,3
MMR,53f59c,1026,3,3,4,3,2,2,3,2,2,3,2
MMR,53f59c,1040,5,2,3,1,1,1,3,2,5,5,1
MMR,53f59c,1046,5,2,3,2,2,2,2,2,5,2,2
MMR,ce4066,1001,5,3,4,2,2,1,2,2,5,2,2
MMR,ce4066,1008,4,1,2,1,1,1,2,2,4,1,1
MMR,ce4066,1017,3,2,2,1,1,1,1,2,3,1,1
MMR,ce4066,1023,3,1,1,2,2,2,1,2,2,3,1
MMR,ce4066,1047,3,2,2,2,3,2,2,2,3,3,2
MMR,7addd5,1004,4,2,3,2,2,2,2,2,3,3,2
MMR,7addd5,1019,4,1,3,1,2,2,2,1,4,2,1
MMR,7addd5,1035,3,2,4,2,2,4,4,3,4,3,3
MMR,7addd5,1036,3,1,4,2,2,2,3,1,4,4,2
MMR,c6ea2f,1012,4,3,4,2,2,2,2,3,4,4,3
MMR,c6ea2f,1031,4,1,4,1,2,2,1,2,4,4,2
MMR,c6ea2f,1039,4,3,4,2,3,3,3,4,4,5,3
MMR,c6ea2f,1047,3,3,4,2,2,3,3,2,4,4,2
MMR,c6ea2f,1048,3,2,4,3,2,2,3,2,3,3,2
MMR,38390e,1001,5,4,3,1,1,2,3,2,5,2,2
MMR,38390e,1005,4,1,3,2,2,1,2,3,3,4,2
MMR,38390e,1006,3,1,3,1,2,1,1,2,3,4,2
MMR,38390e,1015,4,2,4,1,1,1,2,1,4,3,2
MMR,38390e,1032,4,3,4,1,2,1,1,3,5,4,2
MMR,1438ea,1002,5,1,4,2,1,1,2,3,2,5,2
MMR,1438ea,1028,3,2,5,3,3,1,3,4,3,4,2
MMR,1438ea,1030,5,3,2,3,1,1,1,3,1,4,1
MMR,1438ea,1039,5,5,5,3,4,1,3,4,3,4,3
MMR,d92924,1025,3,1,2,4,2,2,1,3,5,2,2
MMR,d92924,1031,4,1,3,1,2,1,4,1,4,4,1
MMR,eaf44e,1001,5,2,5,3,2,2,3,2,5,4,2
MMR,eaf44e,1003,4,1,5,3,2,1,3,2,5,4,1
MMR,eaf44e,1014,4,1,2,3,2,2,3,2,4,3,2
MMR,eaf44e,1040,4,2,4,3,2,3,3,3,5,4,2
MMR,eaf44e,1042,4,1,4,2,2,2,2,2,5,4,2
MMR,eaf44e,1047,1,2,3,3,2,2,2,3,3,3,2
MMR,64fdbc,1024,5,2,5,3,1,1,1,2,5,2,1
MMR,64fdbc,1027,5,1,5,3,1,1,1,2,5,3,1
MMR,64fdbc,1033,5,1,5,2,3,2,3,2,5,3,2
MMR,64fdbc,1043,5,1,4,1,1,1,1,2,5,2,1
MMR,64fdbc,1046,5,1,5,3,5,3,2,2,4,2,2
MMR,dc82e2,1015,4,2,3,1,2,2,2,1,2,5,2
MMR,dc82e2,1017,5,3,2,3,3,3,3,2,2,5,3
MMR,dc82e2,1026,4,3,3,3,2,2,2,2,3,4,2
MMR,dc82e2,1049,4,1,2,2,1,1,3,1,2,4,2
MMR,dc82e2,1050,4,3,2,2,2,1,3,2,2,4,2
H3,1264fb,1005,4,5,5,4,3,2,4,4,4,4,4
H3,1264fb,1013,5,4,5,4,4,4,4,4,5,4,4
H3,1264fb,1023,4,3,2,3,2,2,2,3,3,4,2
H3,1264fb,1026,5,5,4,4,3,3,3,4,5,4,3
H3,1264fb,1035,5,5,5,4,4,4,5,4,5,5,4
H3,1264fb,1037,4,4,4,3,3,3,3,3,5,4,3
H3,1264fb,1039,4,4,4,2,3,3,3,2,4,3,2
H3,5b9517,1004,5,3,5,2,2,2,2,3,5,2,2
H3,5b9517,1018,4,4,4,4,3,3,3,2,5,4,2
H3,5b9517,1019,4,4,4,4,3,3,3,2,5,2,3
H3,5b9517,1021,4,2,4,4,3,3,3,2,2,4,3
H3,5b9517,1029,4,1,4,3,3,3,4,2,4,3,2
H3,5b9517,1035,4,4,4,4,3,2,4,3,5,3,3
H3,5b9517,1036,4,4,5,4,3,3,5,5,5,5,5
H3,5b9517,1040,4,4,5,4,3,3,4,4,5,4,4
H3,5b9517,1049,2,4,4,3,3,3,3,2,4,3,3
H3,bfede2,1001,4,3,5,5,4,5,5,5,4,3,5
H3,bfede2,1004,3,3,5,4,4,3,4,4,5,3,4
H3,bfede2,1005,4,4,3,3,3,2,3,3,4,2,3
H3,bfede2,1010,3,3,3,4,3,3,3,3,4,2,3
H3,bfede2,1033,5,5,5,1,5,5,2,2,5,3,2
H3,bfede2,1035,4,3,4,4,2,4,4,5,4,4,3
H3,bfede2,1041,3,4,3,4,4,5,4,4,4,5,4
H3,bfede2,1046,3,3,4,5,3,4,5,4,3,3,4
H3,bfede2,1047,3,2,4,3,2,3,5,3,5,3,3
H3,bfede2,1048,4,3,2,3,3,3,3,3,2,4,3
H3,7f50e8,1004,3,5,4,4,4,3,3,4,5,4,4
H3,7f50e8,1008,4,4,4,3,3,4,4,3,4,3,3
H3,7f50e8,1013,4,4,4,3,4,4,4,4,4,4,4
H3,7f50e8,1014,4,4,4,4,4,4,4,4,4,3,4
H3,7f50e8,1017,4,4,3,4,4,4,4,4,3,3,4
H3,7f50e8,1038,4,5,4,5,4,5,5,4,5,5,4
H3,7f50e8,1040,4,5,5,5,4,5,4,4,4,4,4
H3,7f50e8,1044,5,5,5,3,4,4,4,4,5,4,4
H3,7f50e8,1050,5,5,3,5,5,5,5,3,3,4,4
H3,e3d07a,1026,4,5,4,2,3,3,3,3,4,2,2
H3,e3d07a,1027,4,1,2,4,4,3,2,3,4,2,2
H3,e3d07a,1030,1,4,5,4,4,4,4,2,5,2,3
H3,e3d07a,1031,4,5,5,5,5,5,5,5,5,5,5
H3,e3d07a,1032,4,4,5,4,4,4,4,4,5,4,4
H3,e3d07a,1037,5,5,3,4,4,4,4,5,3,4,4
H3,e3d07a,1038,5,4,3,5,5,5,4,5,4,5,5
H3,145b7e,1012,5,4,5,4,4,4,5,5,4,5,5
H3,145b7e,1016,3,4,4,4,4,4,4,4,3,5,4
H3,145b7e,1019,4,3,5,4,3,3,4,3,4,3,3
H3,145b7e,1022,4,4,4,4,2,3,3,4,3,4,3
H3,145b7e,1040,4,5,5,4,5,5,5,5,5,5,5
H3,38863e,1003,5,4,3,3,3,3,3,2,5,4,3
H3,38863e,1005,4,2,4,2,2,2,1,2,4,2,2
H3,38863e,1007,4,4,5,2,3,2,3,3,5,3,2
H3,38863e,1012,4,3,4,4,4,3,3,4,5,4,4
H3,38863e,1015,4,5,5,4,3,3,3,2,5,2,3
H3,38863e,1022,5,4,5,5,3,3,3,4,4,4,4
H3,38863e,1026,2,5,5,4,1,2,2,1,5,1,1
H3,38863e,1029,3,2,5,1,1,1,1,1,5,2,1
H3,38863e,1030,2,3,5,2,3,2,2,3,5,2,2
H3,38863e,1036,5,5,5,4,4,4,4,3,5,4,4
H3,38863e,1049,2,4,4,4,2,3,3,2,5,2,2
H3,38863e,1050,5,5,4,3,2,2,2,3,5,3,2
H3,21e098,1003,5,1,5,1,1,1,2,1,3,3,1
H3,21e098,1008,5,2,3,2,1,1,1,1,5,4,1
H3,21e098,1010,4,4,4,5,3,3,2,4,2,3,3
H3,21e098,1015,3,5,3,4,2,5,3,2,3,4,2
H3,21e098,1021,5,3,2,2,4,4,2,2,5,5,2
H3,21e098,1022,5,5,4,4,4,5,5,5,5,4,5
H3,21e098,1023,3,4,2,4,1,3,1,1,4,2,1
H3,21e098,1030,1,5,5,5,5,5,4,3,5,4,3
H3,21e098,1031,5,4,1,4,1,3,1,3,5,5,3
H3,21e098,1041,5,5,5,5,4,5,3,4,5,1,4
H3,21e098,1042,4,5,4,5,1,4,2,3,5,1,3
H3,21e098,1044,5,5,5,4,4,3,5,5,4,5,4
H3,21e098,1045,5,3,4,5,3,5,5,5,2,4,4
H3,21e098,1046,5,5,4,5,3,5,4,4,5,5,4
H3,21e098,1048,5,2,5,5,1,5,3,3,5,2,3
H3,1f3ff6,1011,5,5,5,5,5,5,5,5,5,5,5
H3,1f3ff6,1018,4,5,5,5,5,5,5,5,5,3,5
H3,1f3ff6,1022,5,5,4,5,5,5,5,5,4,4,5
H3,1f3ff6,1024,4,2,4,2,3,1,4,3,4,4,3
H3,1f3ff6,1031,3,4,5,5,4,5,4,4,5,4,4
H3,1f3ff6,1032,5,5,5,5,5,5,5,5,5,5,5
H3,1f3ff6,1034,5,4,5,2,3,3,5,4,5,5,2
H3,1f3ff6,1040,1,2,5,4,3,4,5,3,4,4,3
H3,1f3ff6,1041,5,5,2,5,5,5,5,5,5,5,4
H3,1f3ff6,1042,5,4,4,3,4,3,5,4,5,1,3
H3,ec42b5,1002,3,4,4,3,3,4,3,3,4,3,3
H3,ec42b5,1007,4,3,5,4,5,4,4,5,5,5,5
H3,ec42b5,1015,4,5,5,5,4,4,5,5,5,4,5
H3,ec42b5,1016,4,4,3,4,3,3,4,3,4,3,4
H3,ec42b5,1017,3,3,2,2,3,3,3,3,4,3,3
H3,ec42b5,1028,4,4,4,2,3,3,3,4,5,4,3
H3,ec42b5,1036,5,5,5,4,4,4,5,5,5,4,5
H3,ec42b5,1037,3,5,5,4,4,3,5,2,5,3,4
H3,ec42b5,1042,4,3,4,4,3,3,4,2,4,3,4
H3,ec42b5,1045,4,3,4,4,3,3,4,3,3,4,3
H3,ade10e,1002,4,5,3,5,3,3,3,3,3,4,3
H3,ade10e,1003,4,4,3,3,3,3,4,4,4,3,4
H3,ade10e,1006,5,3,4,2,3,3,4,4,4,4,3
H3,ade10e,1007,4,3,3,3,3,3,4,4,4,4,2
H3,ade10e,1018,4,3,5,3,4,4,3,4,5,4,3
H3,ade10e,1024,4,4,3,5,4,4,5,4,4,4,4
H3,ade10e,1025,5,4,4,4,3,4,2,4,3,4,3
H3,ade10e,1027,5,4,4,4,4,4,4,4,4,4,4
H3,ade10e,1032,5,4,4,4,4,4,4,4,4,4,4
H3,ade10e,1033,1,4,4,4,3,4,4,3,4,4,3
H3,ade10e,1034,5,4,4,4,4,4,4,4,4,4,4
H3,ade10e,1049,5,4,3,4,3,3,4,4,4,4,3
H3,59b696,1006,4,4,3,5,4,4,4,4,5,5,5
H3,59b696,1007,5,4,5,5,4,3,4,4,5,4,4
H3,59b696,1011,3,5,5,5,5,4,4,4,5,4,4
H3,59b696,1014,5,5,5,4,3,4,4,5,5,4,4
H3,59b696,1016,4,5,4,3,3,3,4,4,4,5,4
H3,59b696,1017,5,4,4,4,3,4,4,4,4,4,4
H3,59b696,1025,5,5,5,4,4,4,5,5,5,5,5
H3,59b696,1031,4,5,5,3,4,3,4,4,5,4,4
H3,59b696,1032,4,5,5,4,4,4,5,5,5,5,5
H3,59b696,1042,4,5,4,4,3,4,4,4,5,5,4
H3,59b696,1048,5,5,5,4,4,4,5,5,5,4,4
H3,59b696,1050,4,5,5,4,3,4,4,4,5,4,4
H3,53f59c,1001,5,5,5,5,5,5,5,5,5,5,5
H3,53f59c,1004,5,5,5,5,5,5,4,5,5,4,5
H3,53f59c,1031,4,3,4,4,2,4,3,3,5,4,3
H3,53f59c,1033,5,4,4,5,5,5,3,4,5,3,4
H3,53f59c,1035,5,5,5,5,3,3,5,4,5,4,5
H3,53f59c,1043,5,5,5,2,3,3,4,5,5,5,4
H3,53f59c,1044,5,5,5,3,4,4,5,5,5,4,4
H3,53f59c,1047,5,3,3,5,3,3,5,3,5,4,3
H3,ce4066,1002,4,1,4,4,2,3,3,3,5,3,3
H3,ce4066,1003,4,3,4,4,3,3,4,4,4,4,4
H3,ce4066,1012,3,2,4,3,2,3,3,3,4,2,3
H3,ce4066,1024,4,3,2,2,2,3,3,3,4,2,2
H3,ce4066,1027,3,2,2,1,2,2,2,2,3,2,1
H3,ce4066,1028,3,3,2,2,3,3,4,3,4,2,3
H3,ce4066,1033,2,3,4,2,4,4,3,2,4,2,2
H3,ce4066,1034,4,2,3,2,2,2,3,2,4,2,2
H3,ce4066,1038,4,3,3,2,3,4,3,3,4,2,3
H3,ce4066,1043,4,3,4,3,3,3,4,3,3,3,3
H3,ce4066,1045,4,4,4,3,3,4,4,3,3,3,3
H3,7addd5,1002,4,1,3,2,3,2,3,2,3,4,2
H3,7addd5,1005,4,3,4,3,3,3,3,3,4,3,3
H3,7addd5,1008,3,3,4,2,2,2,3,1,4,3,2
H3,7addd5,1015,5,4,5,5,5,5,5,5,5,5,5
H3,7addd5,1017,2,3,3,4,3,3,3,3,4,4,3
H3,7addd5,1020,4,3,4,3,2,3,4,4,5,3,3
H3,7addd5,1039,4,3,4,2,4,4,3,2,4,3,3
H3,7addd5,1043,3,5,4,2,4,4,3,3,4,3,3
H3,7addd5,1046,4,5,5,5,5,5,4,4,5,4,5
H3,38390e,1004,5,5,5,5,5,5,4,5,5,4,5
H3,38390e,1013,4,4,4,3,3,2,4,3,4,2,3
H3,38390e,1025,5,5,5,5,4,5,5,5,5,5,5
H3,38390e,1028,4,3,4,4,2,3,3,5,5,4,4
H3,38390e,1030,5,5,5,5,4,5,5,5,5,3,5
H3,38390e,1039,5,2,4,3,2,2,1,3,5,1,2
H3,38390e,1047,4,2,4,3,2,2,2,3,4,2,3
H3,1438ea,1001,5,5,5,4,5,4,5,5,5,5,5
H3,1438ea,1006,5,4,5,2,3,2,3,2,5,1,2
H3,1438ea,1010,5,2,5,3,3,2,3,4,5,4,3
H3,1438ea,1011,2,5,5,3,3,4,4,3,5,3,3
H3,1438ea,1014,5,4,5,3,4,2,3,4,5,2,3
H3,1438ea,1020,5,3,5,3,3,1,3,2,5,4,2
H3,1438ea,1021,4,2,1,3,2,1,3,1,5,3,1
H3,1438ea,1024,4,2,2,3,2,1,3,4,5,4,2
H3,1438ea,1029,4,2,3,3,3,2,3,3,1,4,2
H3,1438ea,1034,4,3,5,1,3,2,3,3,5,4,3
H3,1438ea,1037,5,5,5,4,3,2,4,4,5,2,4
H3,1438ea,1038,5,3,5,3,3,1,3,3,5,3,3
H3,1438ea,1043,5,4,5,3,3,3,2,4,4,3,3
H3,1438ea,1047,5,2,3,3,3,1,4,2,5,3,2
H3,d92924,1001,4,2,4,3,3,2,4,3,5,3,3
H3,d92924,1011,3,5,4,2,4,4,5,3,5,4,3
H3,d92924,1013,4,4,4,4,4,3,4,4,5,3,3
H3,d92924,1016,5,2,5,2,3,4,5,3,5,2,3
H3,d92924,1019,4,4,2,3,4,4,3,2,4,4,2
H3,d92924,1023,3,4,1,1,3,1,2,3,1,1,1
H3,d92924,1029,3,3,3,2,4,4,4,2,2,3,3
H3,d92924,1033,5,5,4,1,1,5,1,3,5,3,1
H3,d92924,1039,3,1,3,2,2,1,1,2,4,1,1
H3,d92924,1047,4,2,3,1,2,3,4,2,4,1,2
H3,d92924,1050,4,4,3,3,3,3,2,3,4,1,3
H3,eaf44e,1018,4,4,4,4,3,4,4,4,4,4,3
H3,eaf44e,1020,4,4,4,4,3,4,4,4,5,4,4
H3,eaf44e,1021,4,4,3,4,2,2,3,3,4,3,2
H3,eaf44e,1035,4,3,4,4,3,4,4,4,5,4,4
H3,eaf44e,1036,4,3,4,4,3,4,4,4,5,4,3
H3,eaf44e,1044,4,3,4,4,3,4,4,3,5,3,3
H3,eaf44e,1046,4,4,4,4,4,4,4,3,5,3,4
H3,eaf44e,1048,4,2,3,3,3,3,2,3,5,4,2
H3,eaf44e,1049,3,4,4,4,4,4,4,4,3,4,3
H3,64fdbc,1010,5,3,4,5,4,3,3,4,4,4,4
H3,64fdbc,1020,3,4,5,5,3,3,4,2,5,4,2
H3,64fdbc,1025,5,5,5,4,5,4,5,5,5,5,5
H3,64fdbc,1026,5,3,4,5,5,4,4,2,5,5,3
H3,64fdbc,1028,5,5,4,2,3,4,3,2,5,4,2
H3,64fdbc,1044,5,5,5,5,5,5,5,5,5,5,5
H3,dc82e2,1001,5,4,5,5,3,3,5,4,5,5,4
H3,dc82e2,1006,4,5,5,3,2,2,2,4,4,3,3
H3,dc82e2,1008,4,4,4,1,2,2,3,1,4,5,3
H3,dc82e2,1012,5,3,5,4,3,3,4,3,5,5,4
H3,dc82e2,1014,5,3,5,3,3,3,5,4,5,3,4
H3,dc82e2,1019,5,3,5,4,3,3,4,4,5,5,4
H3,dc82e2,1023,5,4,3,4,2,2,3,3,3,4,3
H3,dc82e2,1027,1,4,4,4,3,3,3,4,4,4,3
H3,dc82e2,1041,5,3,5,4,4,3,3,3,5,4,4
H3,dc82e2,1043,5,3,5,4,4,3,4,3,5,4,4
H3,dc82e2,1045,5,3,3,4,3,4,3,3,3,4,3
